{"JFK": [-73.77892556, 40.63975111], "ORD": [-87.90446417, 41.979595], "ATL": [-84.42694444, 33.64044444], "BOS": [-71.00517917, 42.3643475], "MSP": [-93.2169225, 44.88054694], "FLL": [-80.15275, 26.07258333], "DEN": [-104.6670019, 39.85840806], "CVG": [-84.6621725, 39.04614278], "DTW": [-83.34883583, 42.21205889], "SAN": [-117.1896567, 32.73355611], "DCA": [-77.03772222, 38.85208333], "SEA": [-122.30931310000001, 47.44898194], "CLE": [-81.84939667, 41.41089417], "BWI": [-76.66819833, 39.17540167], "MDW": [-87.75242444, 41.7859825], "IAH": [-95.33972222, 29.98047222], "TPA": [-82.53325, 27.97547222], "IAD": [-77.45580972, 38.94453194], "DFW": [-97.0372, 32.89595056], "CLT": [-80.94312583, 35.21401111], "EWR": [-74.16866056, 40.69249722], "SLC": [-111.9777731, 40.78838778], "MCO": [-81.31602778, 28.42888889], "PHL": [-75.24114083, 39.87195278], "MEM": [-89.97666667, 35.04241667], "LGA": [-73.87260917, 40.77724306], "SFO": [-122.3748433, 37.61900194], "PHX": [-112.00805559999999, 33.43416667], "LAX": [-118.40807439999999, 33.94253611], "LAS": [-115.15233329999998, 36.08036111]}
